"","Municipio","Nombre.Comercial","Subcategoria","Direccion.Comercial","Correo.Electronico","Habitaciones","Camas","Empleados","Precio"
"2","TUNJA","HOTEL EL PASO I","HOTEL","CARRERA 14  6-54 SUR","hotelelpasotunja@hotmail.com",19,35,1,52426
"3","PAIPA","HOTEL FANINE INN","HOTEL","CL 25 5 18","hotelfaninepaipa@hotmail.com",31,60,25,91726
"4","TUNJA","HOTEL DUX","HOTEL","CALLE 19  10-78","claudiagalindogomez@yahoo.es",10,20,1,47660
"6","PAIPA","HOTELES ESTELAR SUCURSAL PAIPA","HOTEL","ORILLAS LAGO SOCHAGOTA","franciscoa.combariza@hotelesestelar.com",105,182,89,226409
"7","PAIPA","HOTEL EL LAGO","HOTEL","CL 25 10 43","hotelellago@hotmail.es",50,106,24,99746
"8","SOGAMOSO","HOTEL SOGAMOSO REAL","HOTEL","KR 10 13 11","juanrmorcote@yahoo.com",21,50,10,76134
"9","SOGAMOSO","HOTEL TOBACA","HOTEL","CALLE 13 10-68","hoteltobaca@gmail.com",31,60,6,56040
"10","PAIPA","HOTEL LANCEROS DE COLSUBSIDIO","HOTEL","KM 4 VIA PANTANO DE VARGAS","hoteles.paipa@colsubsidio.com",86,260,106,261188
"11","PAIPA","HOTEL COLONIAL DE COLSUBSIDIO","HOTEL","VIA A LAS PISCINAS","hoteles.paipa@colsubsidio.com",25,96,73,194963
"12","VILLA DE LEYVA","POSADA DE LOS ANGELES","HOTEL","CARRERA 10  13-94","posadadelosangeles@gmail.com",8,12,2,58675
"13","CHIQUINQUIRA","HOTEL ALCARRAZA CHIQUINQUIRA","HOTEL","CALLE 17  8-44","alcarrazahotel@hotmail.com",30,35,1,56295
"16","PAIPA","HOTEL SOCHAGOTA","HOTEL","KM 2 VIA PISCINAS MUNICIPALES","gerencia@hotelsochagota.com",64,180,72,200624
"18","CUITIVA","HOTEL TERMALES EL BATAN","HOTEL","VEREDA LA VEGA","contacto@termaleselbatan.com",31,64,24,105731
"19","MONIQUIRA","HOTEL CABAÑA LOS ARRAYANES","HOTEL","KILOMETRO 5 VIA MONIQUIRA - BARBOSA","hotelarrayanes@yahoo.com",40,98,1,61053
"20","PAIPA","HOTEL CABANAS EL PORTON","HOTEL","CL 25 10 76","elportonpaipa@gmail.com",25,57,1,53012
"22","TIBASOSA","HOTEL HACIENDA SUESCUN","HOTEL","KLM 4 VIA SOGAMOSO TIBASOSA","hotelhaciendasuescun@yahoo.com",16,50,6,62447
"24","VILLA DE LEYVA","HOTEL HOSPEDERIA SAN CARLOS","HOTEL","CARRERA 9  5-44","sancarlos@hospederiasancarlos.com",13,30,1,45414
"26","CHIQUINQUIRA","HOTEL BOYACA","HOTEL","CALLE 5  9 05","yasmynsanchez@gmail.com",24,39,2,53585
"28","SOGAMOSO","HOTEL SOL INTERNACIONAL","HOTEL","CRA 13 13 66","hotelsolinter@gmail.com",31,52,1,47076
"29","VILLA DE LEYVA","OCD HOSPEDERIA DURUELO","HOTEL","CARRERA 3  12-88","gerente@duruelo.com.co",100,297,1,42796
"30","VILLA DE LEYVA","HOTEL ANDRES VENERO DE LEIVA","HOTEL","CALLE 11  12A  105","hotelandresvenero@hotmail.com",30,60,1,54696
"31","PAIPA","DAZA HOTEL","HOTEL","CARRERA 19 25 29","gerencia@dazahotel.com",22,46,4,58791
"32","VILLA DE LEYVA","SOL DE LA VILLA","HOTEL","CARRERA 8  12-28","sol_hospedaje@hotmail.com",18,24,4,50802
"33","VILLA DE LEYVA","HOSPEDERIA EL OCOBO","HOTEL","CARRERA 9  5-62","hospederiaelocobo@hotmail.com",7,10,1,47674
"34","TIBANA","HACIENDA BAZA","HOTEL","VEREDA LAVADEROS","haciendabaza@hotmail.com",13,28,1,53661
"35","CHIQUINQUIRA","HOTEL EL DORADO CHIQUINQUIRA","HOTEL","CARRERA 7A  18 04","hoteleldoradochiquinquira@gmail.com",29,46,2,47301
"37","CHIQUINQUIRA","HOTEL RIO","HOTEL","CARRERA 10 17-93","hotelrio2014@outlook.com",18,28,2,45926
"42","DUITAMA","HOTEL AZUAY","HOTEL","CR 18 17 53","hotelazuay@hotmail.com",20,20,4,56572
"43","CHIQUINQUIRA","HOTEL IMPERIAL CHIQUINQUIRA","HOTEL","CARRERA 9  4-69","caibaguep@unal.edu.co",33,42,2,51115
"44","VILLA DE LEYVA","HOSPEDERIA EL MESON DE LOS VIRREYES","HOTEL","CARRERA 9  14-57","reservas@hotelmesondelosvirreyes.com",30,43,7,70899
"45","VILLA DE LEYVA","HOTEL MARQUES DE SAN LUIS","HOTEL","CARRERA 13  8 58","lumarher@hotmail.com",30,90,3,51203
"46","VILLA DE LEYVA","HOSPEDERIA IGUAQUE CAMPESTRE","HOTEL","VEREDA EL ROBLE VILLA DE LEYVA","marisol.gonzalez2010@hotmail.com",17,25,1,42463
"48","PAIPA","HOTEL LIBERTADORES PAIPA","HOTEL","CL 25 5 141","hotellibertadores@gmail.com",20,65,1,59248
"52","CHIQUINQUIRA","HOTEL MOYBA CHIQUINQUIRA","HOTEL","CARRERA 9  17 53","hotelmoyba@hotmail.com",20,35,2,50692
"53","VILLA DE LEYVA","HOSPEDERIA BETH SARIM","HOTEL","CALLE 5   9  137","hospederiabethsarim@gmail.com",15,15,1,54636
"54","VILLA DE LEYVA","HOSPEDAJE EL MIRADOR","HOTEL","TRANSVERSAL 8   6 94","hospedaje_elmirador@hotmail.com",7,20,3,56929
"56","SOGAMOSO","HOTEL ROYAL CONFORT","HOTEL","K 11 9 48","wrriveram@hotmail.com",11,13,1,49529
"57","VILLA DE LEYVA","HOTEL Y CENTRO DE CONVENCIONES CASA DE LOS FUNDADORES","HOTEL","KILOMETRO 1 VIA GUANANI","hotel@casadelosfundadores.com",50,150,30,103717
"58","SOGAMOSO","HOTEL LA ERMITA","HOTEL","CALLE 10 11-51","gerencia@ermita-hotel.com",15,26,1,50579
"60","DUITAMA","HOTEL CATALINA REAL","HOTEL","CR 16 17 25","juventus4485@gmail.com",20,25,1,54615
"61","SOGAMOSO","NUEVO HOTEL BOCHICA","HOTEL","CL 11 14 33","liaguirrevega@yahoo.com",22,32,1,52417
"62","VILLA DE LEYVA","POSADA SAN MARTIN","HOTEL","CALLE 14  9 43","posadasanmartinleyva@hotmail.com",6,7,1,55192
"63","DUITAMA","HOTEL DEL PARQUE","HOTEL","CL 18  17 59","amparitopaezf@hotmail.com",6,12,1,56587
"64","SOGAMOSO","HOTEL VALPARAISO","HOTEL","KR 18 11A 10","wmoh_cont@yahoo.com",20,30,1,51736
"65","SOGAMOSO","HOTEL ANDALUZ","HOTEL","CALLE 11 18-63","hotelandaluz01@gmail.com",18,32,1,49689
"66","DUITAMA","HOTEL FARAON","HOTEL","CL 17 18 10","rudavaca182@gmail.com",13,23,1,42137
"67","CHIQUINQUIRA","HOTEL REAL MUISCA","HOTEL","CALLE 16 9 22","oscarim25@hotmail.com",16,24,3,46074
"68","DUITAMA","HOTEL TUNJO DORADO","HOTEL","CR 19  13 51","htd_m5@yahoo.es",30,75,3,65899
"69","TUNJA","HOTEL IMPERIAL TUNJA","HOTEL","CALLE 19  7-43","hotelimperialtunja43@gmail.com",17,22,1,44158
"70","TUNJA","HOTEL SUITE IMPERIAL","HOTEL","CALLE 19  7-96","esperanzafigueroa2612@gmail.com",35,39,1,50373
"72","DUITAMA","HOTEL PERLA REAL VICTORIA","HOTEL","CR 19  15 41","marcoalonsorincon2010@hotmail.com",17,25,1,56358
"73","DUITAMA","HOTEL SANTA ISABEL DUITAMA","HOTEL","CR 18 18 59","ihotelsanta@gmail.com",21,30,1,56851
"74","TUNJA","HOTEL RESIDENCIAS BONSAI","HOTEL","CARRERA 9  17-89","rimadi33@yahoo.es",10,10,1,59440
"75","PUERTO BOYACA","HOTEL NODILAN","HOTEL","CL 12 3 27","vianavy07@hotmail.com",18,23,1,54157
"76","SANTA ROSA DE VITERBO","HOTEL EL AEROLITO","HOTEL","CR 5  8 49","hotelelaerolito@gmail.com",12,24,1,57124
"78","PUERTO BOYACA","HOTEL ROSARIO PUERTO BOYACA","HOTEL","CR 2 9 36","macema14@hotmail.com",15,20,1,58945
"79","TUNJA","CONVENCIONES Y SERVICIOS ESPECIALES HOTEL BOYACA PLAZA","HOTEL","CALLE 18  11-22","comercial@hotelboyacaplaza.co",37,52,1,54256
"81","PAIPA","HOTEL PANORAMA COMFABOY","HOTEL","ORILLA LAGO SOCHAGOTA PAIPA","hotelpanorama@comfaboy.com.co",45,113,30,115864
"83","PAIPA","HOTEL ZUHE CENTRO DE NEGOCIOS Y CONVENCIONES","HOTEL","CL 25 18 32","hotel.zuhe@yahoo.com",45,100,10,60457
"85","VILLA DE LEYVA","HOSTERIA LOS FRAYLES DE LA VILLA","HOTEL","CALLE 8  9-38","contacto@hosterialosfrayles.com",20,37,3,54338
"86","SOGAMOSO","HOTEL LOS ESTEROS","HOTEL","KR 18 11 35/39/41","reyescorreamiguelangel@gmail.com",12,20,1,59498
"88","VILLA DE LEYVA","CASA HOTEL VILLA CRISTINA","HOTEL","CALLE 10  3-78","reservasvillacristina@gmail.com",13,18,2,56947
"89","CUITIVA","HOTEL REFUGIO RANCHO TOTA","HOTEL","KILOMETRO 21 VIA SOGAMOSO AQUITANIA","hotelranchotota@hotmail.com",26,60,1,60490
"90","TUNJA","HOTEL GIRASOL TUNJA","HOTEL","CARRERA 7  17-10","hgirasol.tunja@gmail.com",39,48,3,49445
"91","TUNJA","HOTEL LA ANTIGUA","HOTEL","CALLE 28  10-10","hotel_antigua@hotmail.com",16,17,4,54316
"92","CHIQUINQUIRA","HOTEL LUZ MAR","HOTEL","CARRERA 9  2-35 SUR","javierpachon2@gmail.com",4,5,1,58085
"93","VILLA DE LEYVA","P.S.A.HOTEL","HOTEL","CALLE 15  8-65","laura.mendoza@hotelplazuela.com",20,39,8,75779
"95","TUNJA","HOTEL SANTA ELENA NORTE","HOTEL","CALLE 54  6-20","hotelessantaelena@hotmail.com",18,20,7,60448
"96","DUITAMA","HOTEL CLASS","HOTEL","CR 19 18 18","hotelclass@hotmail.com",25,45,1,42024
"98","TUNJA","DANARAMA HOTEL","HOTEL","CARRERA 13  7-57 SUR","hoteldanarama@hotmail.com",18,50,1,61843
"99","MONIQUIRA","HOTEL SAN JOSE MONIQUIRA","HOTEL","CALLE 16  5-40","ancisarparra@hotmail.com",40,60,1,44967
"100","SOGAMOSO","LAURA S. GUAUQUE MONTANEZHOTEL BACHUE","HOTEL","KR 10 13 68","lalita2808g@hotmail.com",15,18,1,42987
"101","PUERTO BOYACA","HOTEL KARIARY","HOTEL","CR 5 11  67","informacion@hatocebu.com",26,44,58,167947
"103","SOGAMOSO","HOTEL MANHATTAN","HOTEL","CR 18 10 69","margaritabayonacamargo@hotmail.com",26,30,1,48427
"106","SOGAMOSO","HOTEL LOS ANGELES DE LA 11","HOTEL","CL 11 17 21","margaritabayonacamargo@hotmail.com",26,30,1,52559
"107","SOGAMOSO","HOTEL VILLA MONTANA","HOTEL","KR 18 10 61","joseananias2013@gmail.com",27,29,1,57908
"109","VILLA DE LEYVA","HOTEL ANTONIO NARIÑO","HOTEL","CARRERA 9  10-34","hospenarino@hotmail.com",15,30,4,49379
"111","MONIQUIRA","HOTEL ENGATAMA","HOTEL","CARRERA 3A  16-155 PISO 2","hotel_engatama@hotmail.com",26,35,1,55900
"114","CHIQUINQUIRA","HOSPEDAJE SAN MARTIN","HOTEL","CARRERA 9 19-84","rudaco584@gmail.com",18,20,1,60973
"115","NOBSA","SAN LUIS DE UCUENGA","HOTEL","KM 7 AUTOPISTA DUITAMA BELENCITO","sanluisdeucuenga@hotelescondestino.com",12,36,5,55555
"119","DUITAMA","HOTEL MAGISTRAL","HOTEL","CR 19  15 31","hotelmagistral@hotmail.com",14,22,1,46988
"120","CHIQUINQUIRA","HOTEL CALLE REAL CHIQUINQUIRA","HOTEL","CALLE 1A  8 24 SUR","casadelgrandpa@gmail.com",5,7,1,45189
"121","TENZA","HOTEL DE TENZA LTDA.","HOTEL","CARRERA 5  5 36","hoteldetenza@hotmail.com",30,100,2,45433
"122","TUNJA","HOTEL SAN AGUSTIN B&B","HOTEL","CALLE 23  8-63","posadadesanagustin@hotmail.com",11,14,1,53149
"123","TUNJA","ALICANTE HOTEL","HOTEL","CARRERA 8  19 15","hotelalicante@hotmail.com",9,20,2,53797
"124","SOGAMOSO","GRAN HOTEL SOGAMOSO","HOTEL","KR 18 11-15","damaristobo18@hotmail.com",36,58,1,51886
"126","VILLA DE LEYVA","HOSPEDAJE EL GIRASOL","HOTEL","CARRERA 9  10-58","munevarflor@gmail.com",10,10,1,59767
"127","SORACA","HOTEL SORACA MANTO REAL","HOTEL","VEREDA OTRO LADO SECTOR LA Y","jaibertqm@hotmail.com",8,11,1,42734
"128","MONIQUIRA","LA POSADA DE BACHUE","HOTEL","CARRERA 5   16   22","laposadadebachue@gmail.com",8,10,1,46075
"129","NOBSA","HOTEL NOBSA COLONIAL","HOTEL","KR 10 4 18","hotelnobsacolonial@hotmail.com",15,31,1,52276
"132","SORACA","HOTEL BUENOS AIRES SORACA","HOTEL","VEREDA OTROLADO SECTOR LA Y","albaigg23@gmail.com",6,6,1,46727
"136","PUERTO BOYACA","HB HOTEL BOYACA","HOTEL","CR 3 11 15","hotelpuertoboyaca@gmail.com",30,35,3,57509
"137","AQUITANIA (PUEBLO VIEJO)","HOTEL REFUGIO POZO AZUL","HOTEL","LAGO DE TOTA VDA SUSACA","hpozoazul@yahoo.com",17,49,1,51645
"138","SACHICA","HOSPEDAJE MI CASITA","HOTEL","AVENIDA PRINCIPAL TUNJA - CHIQUINQUIRA","favioeforero@hotmail.com",10,12,1,53387
"140","DUITAMA","HOTEL LA CUEVA DE LA LUNA","HOTEL","PUEBLITO BOYACENSE CA 6-4","h.lacuevadelaluna@gmail.com",6,10,1,44883
"144","GACHANTIVA","HOSPEDAJE CAMPESTRE LA PERIQUERA.","HOTEL","VEREDA SAAVEDRAS DE RONCANCIO","laperiquerahospedajecampestre@hotmail.com",12,24,2,46914
"146","TUNJA","HOTEL PLAZA MUISCA","HOTEL","CARRERA 10 24-96","hotelplazamuisca@gmail.com",20,21,8,64246
"147","SAN MATEO","HOTEL CAPILLA REAL SAN MATEO","HOTEL","CL 4  3 68","luneyctf@yahoo.com",10,15,1,55660
"149","DUITAMA","KURHOTEL BIOSPA","HOTEL","KM 5 VIA DUITAMA PAIPA","gerencia@biosaludduitama.com",30,40,46,145069
"150","SAMACA","RESTAURANTE Y HOSPEDAJE LOS ALMENDROS","HOTEL","CARRERA 6  6-51","dorapinto97@hotmail.com",40,56,6,70320
"151","DUITAMA","SHALOM HOTEL DUITAMA","HOTEL","CR 19 15 32","shalom.hotel@gmail.com",15,23,1,58262
"153","TUNJA","HOTEL VICTORIA REAL TUNJA","HOTEL","CALLE 24 9-75","hotelvictoriarealtunja@gmail.com",5,6,1,55518
"154","PAIPA","CASA HOTEL DESCANSO REAL","HOTEL","VDA LA ESPERANZA VIA CA?OS","olgaluciadiazrodriguez@yahoo.es",9,35,2,60150
"155","VILLA DE LEYVA","HOTELES Y TURISMO COLOMBIA STA VIVIANA","HOTEL","DIAGONAL 8  12A-76","hotelsantaviviana@gmail.com",32,62,8,58561
"157","TUNJA","HOTEL CACIQUE MUISCA","HOTEL","AVENIDA NORTE  64B-134  MUISCAS","juancacique25@hotmail.com",22,24,2,49016
"158","TUNJA","HOTEL CASA MORENO","HOTEL","CARRERA 14  6-62 SUR","hotelcasamoreno@gmail.com",25,43,1,48631
"159","PUERTO BOYACA","HOTEL MIRADOR PLAZA","HOTEL","CR 3 A 13 50","luzcortes3828@gmail.com",15,16,2,52145
"161","SUTAMARCHAN","HOTEL CABAÑAS LOS APOSENTOS D` DON PEDRO DE MERCHAN","HOTEL","CALLE 3 1-99","heysus52@hotmail.com",19,31,3,58707
"165","PUERTO BOYACA","HOTEL CIRO","HOTEL","CR 3 A 7 103","hotelciropb@gmail.com",24,33,3,62172
"170","SACHICA","HOTEL CALLE PRINCIPAL","HOTEL","CALLE 3  1A-66","contactenos@hotelcalleprincipal.com",22,35,4,53176
"171","TUNJA","HOTEL EL DORADO SURINAMA","HOTEL","CARRERA  11  2B-52","hotel.eldoradosurinama@hotmail.com",18,28,1,58389
"172","SOGAMOSO","HOTEL CACIQUE PLAZA","HOTEL","CL  14 18 76","hotelcaciqueplazasogamoso@gmail.com",60,70,1,42310
"173","TUNJA","HOTEL POSADA DE SAN LAUREANO","HOTEL","CARRERA 8  11-53","hotelposadasanlaureano@gmail.com",14,19,1,55088
"175","GUATEQUE","GUATOC CACIQUE HOTEL","HOTEL","CARRERA 7  11 30","vivianarocio100@yahoo.com",29,43,3,62234
"178","PUERTO BOYACA","HOTEL MONTECARLO PLAZA","HOTEL","CR 2 12 24","hotel-montecarlo@hotmail.com",39,42,1,51227
"180","VILLA DE LEYVA","HOTEL BOUTIQUE VILLA ROMA","HOTEL","CALLE 8  10 166","info@hotelvillaroma.com",19,40,8,60068
"182","TUNJA","HOTEL COLONIAL SANTA ELENA","HOTEL","CARRERA 10  23-12","meryluzpa@hotmail.com",10,12,2,44375
"184","EL COCUY","LA POSADA DEL MOLINO","HOTEL","CR 3  7 51","laposadadelmolinoelcocuy@yahoo.es",11,32,1,47663
"199","VILLA DE LEYVA","SANTA MARIA DE LEYVA HOTEL BOUTIQUE","HOTEL","CARRERA 9  5 86","administracion@hoteleslafloresta.com",16,20,4,66305
"201","SACHICA","HOTEL AQUILES","HOTEL","CALLE 3 1-28","anita.amado@hotmail.com",13,22,2,62674
"202","SACHICA","HOTEL CABAÑAS SANTA CECILIA","HOTEL","VEREDA EL PLAYON SECTOR HACIENDA SANTA CECILIA","reservaciones@hotelsantacecilia.com.co",29,52,1,52851
"203","GUICAN","POSADA TURISTICAS BRISAS DEL NEVADO","HOTEL","CR 5  4 57","macrivalnu@yahoo.es",11,34,1,46388
"209","PUERTO BOYACA","HOTEL CAMINO REAL PUERTO BOYACA","HOTEL","CR 3 A 14 82","hotelcaminoreall@hotmail.com",21,23,3,55789
"211","AQUITANIA (PUEBLO VIEJO)","HOTEL DONDE LUCHO AQUITANIA","HOTEL","CL 7 6-32","restaurantelucho.aquitania@gmail.com",6,14,1,58023
"213","RAQUIRA","HOTEL SUAYA","HOTEL","CALLE 3  4-10","marivargaspinilla@gmail.com",12,20,1,50153
"215","PUERTO BOYACA","HOTEL ROYAL TOSCANA","HOTEL","CR 5 23 65","hotelroyaltoscana@hotmail.com",40,45,16,74074
"216","CHITARAQUE","JUAN JOTA CHITARAQUE","HOTEL","VEREDA POTRERO GRANDE","urielagui@hotmail.com",11,16,1,47611
"218","TUNJA","HOTEL ZAFIRO PLAZA","HOTEL","CARRERA 10A 26-94","ximesierra15@hotmail.com",32,45,6,59229
"219","CHIQUINQUIRA","HOTEL ORQUIDEA A.B","HOTEL","CALLE 18  7-32  34","mery.a.p2511@hotmail.com",14,21,2,49185
"223","SANTA MARIA","SERVITURISTICOS LA ESMERALDA SAS","HOTEL","CALLE 3    4  10","serviciosturisticoslaesmeralda@hotmail.com",60,70,2,53414
"227","PUERTO BOYACA","CASA HOTEL KERANA MOON","HOTEL","CR 2 11 62 - 64","hotelkeranamoon@hotmail.com",14,18,1,49317
"233","SOATA","HOTEL CHICAMOCHA REAL","HOTEL","CR 5 6 42","hotelchicamochareal@hotmail.com",35,60,3,48425
"236","TOGUI","HOSPEDERIA PORTAL DE UBAZA","HOTEL","CARRERA 4  1-14","ingrenan@hotmail.com",7,20,1,42940
"237","VILLA DE LEYVA","HOSPEDERIA BALCONES DE SAN SEBASTIAN","HOTEL","CARRERA 9  9 44 INTERIOR","hospederiasansebastian@hotmail.com",7,7,1,47256
"239","SOGAMOSO","HOTEL YANUBA DE LA ONCE","HOTEL","CL 11 11-54","reservas@hotelyanuba.com",23,40,1,61373
"243","DUITAMA","HOTEL TURQUESA REAL","HOTEL","CL 15 19 76","hotelturquesareal@hotmail.com",20,40,1,51770
"244","PANQUEBA","HOTEL PORTON DE LA SIERRA","HOTEL","CL 6  5 12","ampar3003@hotmail.com",8,23,1,51556
"249","DUITAMA","CASA HOTEL LOS GERANIOS","HOTEL","URB PUEBLITO BOYACENSE MZ 1 CA 5 RAQUIRA","casahotellosgeranios@hotmail.com",12,18,1,56976
"251","VILLA DE LEYVA","HOTEL CASA REAL VILLA DE LEYVA","HOTEL","CALLE 17 10-14","anbarrera2@hotmail.com",15,27,10,73353
"252","NOBSA","HOTEL SANTA ROSALIA","HOTEL","KL 7 VIA DUITAMA BELENCITO","rosalbavietto@yahoo.com",12,25,1,42988
"253","VILLA DE LEYVA","POSADA PORTAL DE LA VILLA","HOTEL","CALLE 14  8 - 16","artesada@gmail.com",10,10,1,55902
"255","SOGAMOSO","HOTEL CIUDAD DEL SOL","HOTEL","CL 11 13-17","margaritabayonacamargo@hotmail.com",20,25,1,49265
"256","DUITAMA","HOTEL SIPA","HOTEL","CR 42 14 31 AP 202","hotelsipa@hotmail.com",21,32,1,59683
"258","CHIQUINQUIRA","COLONIAL PRIMAVERA","HOTEL","CARRERA 10  17 80","hotelcolonialprimavera@hotmail.com",17,28,1,57506
"259","CHIQUINQUIRA","HOTEL PRIMER CENTAURO","HOTEL","CALLE 18  8 73","jovannycent@hotmail.com",7,11,1,44784
"260","AQUITANIA (PUEBLO VIEJO)","HOTEL 3.015 AQUITANIA","HOTEL","CL 9 7 53","hotel3.015aquitania@gmail.com",16,31,1,47900
"261","DUITAMA","HOTEL Y CASA DE BANQUETES Y EVENTOS REAL PICO VICTORIA Y CONVENTION CENTER","HOTEL","CL 15 17 36","albarcorporation3037@gmail.com",10,20,1,44522
"262","VILLA DE LEYVA","CANEY HOTEL BOUTIQUE VILLA DE LEYVA","HOTEL","VEREDA SALTO Y LA LAVANDERA","ggcontabilidad@hotmail.com",10,18,2,55798
"264","DUITAMA","HOTEL SANTRIS","HOTEL","CR 42 17 48","hotelsantris@hotmail.com",33,56,1,53234
"268","CIENEGA","CIENEGA PANORAMA PLAZA HOTEL","HOTEL","CALL 3  6-69","ligiagomez810@hotmail.com",6,12,1,55774
"269","VILLA DE LEYVA","HOTEL CAMPANARIO DE LA VILLA","HOTEL","CARRERA 11A  12-47-65","reservas@hotelcampanariodelavilla.com",28,28,24,94225
"270","CHIQUINQUIRA","HOTEL MAR Y SOL","HOTEL","CALLE 7A  9 107","marisolnavarrocruz72@gmail.com",10,14,1,54112
"272","TUNJA","HOTEL MARQUEZ PLAZA","HOTEL","AVENIDA 6  68  07","moni_farfan@hotmail.com",16,20,1,61821
"274","DUITAMA","HOTEL COLONIAL DUITAMA","HOTEL","CL 17 18 32","nikirincon@hotmail.com",13,17,1,56864
"276","PAUNA","LA POSADA DE CHAVA PAUNA","HOTEL","CARRERA 6  5-13","milenabernal25@hotmail.com",10,25,2,45517
"277","SOATA","HOTEL COUNTRY SOATA","HOTEL","CRA 4 N 8 - 10","hotelcountrysoata@hotmail.com",30,45,2,53023
"278","PUERTO BOYACA","HOTEL CAMPESTRE SANTORINI","HOTEL","CR 5 31 70","inversionesyproyectosjmsas@gmail.com",32,49,17,75071
"280","PAIPA","HOTEL CHINCA LOS LAGOS","HOTEL","KMT 1/2 VIA PAIPA-TUNJA","hotelchincaloslagos@gmail.com",13,18,1,48791
"282","EL ESPINO","HOTEL BUENOS AIRES EL ESPINO","HOTEL","CR 5  7 45","hotelrestaurantebuenosaires@gmail.com",12,18,1,56679
"283","DUITAMA","HOTEL DO CRUZEIRO","HOTEL","CR 22  20 10","hoteldocruzeiro@hotmail.com",33,49,1,42082
"284","SOGAMOSO","NUEVO HOTEL PLAZA REAL","HOTEL","KR 20 11B 33","belaortiz29@gmail.com",18,24,1,57438
"285","CHIQUINQUIRA","HOTEL CHIQUINQUIREÑO","HOTEL","CARRERA 10  17 90","rosalbaortiz0276@gmail.com",10,18,1,51260
"287","BELEN","HOTEL CENTENARIO PLAZA","HOTEL","CR 5  6 61","robinson.ravelo@gmail.com",14,20,1,56417
"290","SAMACA","POSADA ANDRE`","HOTEL","CARRERA 2  1-52","nelly_lancheros@hotmail.com",14,17,2,57330
"292","CHIQUINQUIRA","HOTEL VILLA MARIANA CENTRO","HOTEL","CARRERA 10  17 35","fretell9694@gmail.com",10,20,2,55441
"294","TIBASOSA","HOTEL BOUTIQUE BELLA TIERRA","HOTEL","KM 0.5 VIA TIBASOSA -AYALAS","hotelbellatierra@gmail.com",9,14,8,70076
"295","NOBSA","HOTEL VILLA DEL SOL DE CHAMEZA","HOTEL","KM 5 VIA SOGAMOSO-BELENCITO CHAMEZA MAYOR","myriamh810@hotmail.com",13,20,1,55144
"296","CUCAITA","HOTEL CUCAITA REAL","HOTEL","VEREDA LLUVIOSOS SECTOR SAN FELIPE LOTE 3","jivancho13@hotmail.com",14,14,1,47787
"297","TINJACA","HOTEL NUEVO MILENIO TINJACA","HOTEL","CARRERA 3  3-43","hotelnuevomileniotinjacaboyaca@yahoo.es",20,24,1,43945
"298","MONIQUIRA","HOTEL VILLA DEL SOL MONIQUIRA","HOTEL","CARRERA 3  16-171","karubiano_0216@hotmail.com",24,27,1,61248
"302","GUICAN","HOTEL Y RESTAURANTE GUICAN DE LA SIERRA","HOTEL","CR 4 3 26","jorgoblan@gmail.com",11,27,1,56727
"303","MACANAL","HOTEL SINAI SV","HOTEL","VEREDA EL DATIL","hotelsinaiadmon@gmail.com",20,20,4,60254
"304","MONGUI","MONGUI PLAZA HOTEL","HOTEL","KR 4 4 10","monguiplaza@gmail.com",14,39,2,46399
"307","GARAGOA","PANORAMA CONFORT","HOTEL","CALLE 11  9  20","hotelpanoramagaragoa@gmail.com.co",18,32,1,53005
"308","ZETAQUIRA","HOTEL CHIBCHACUM","HOTEL","CARRERA  2  N. 6 - 46","chibchacumhotel@gmail.com",25,30,1,47255
"309","DUITAMA","LUXURY DUITAMA","HOTEL","CL 18 19 32 CENTRO","ruben_5511@hotmail.com",11,15,1,59967
"312","NOBSA","COMPLEJO TURISTICO PUNTALARGA S.A.S","HOTEL","KILOMETRO 7 VIA DUITAMA BELENCITO","contadorctpsas@gmail.com",28,85,6,52184
"313","MONGUI","HOTEL CALICANTO REAL CAFE MUSEO","HOTEL","CRA 3 CONTIGUO PUENTE CALICANTO","juliosaenz1766@gmail.com",6,13,1,46725
"314","CIENEGA","RAFA HOTEL BOUTIQUE","HOTEL","CALLE 3 8 15","contacto@rafahotelboutique.com",18,21,1,44601
"316","TUNJA","HOTEL CASTILLO REAL DE TUNJA","HOTEL","CALLE 19   13-31 PISO 2","hotelcastillorealtunja@gmail.com",40,95,2,50525
"318","MIRAFLORES","CASA HOTEL LOS BALCONES MIRAFLORES","HOTEL","CALLE 4  6-12","casahotellosbalcones2014@hotmail.com",7,12,1,56528
"320","MIRAFLORES","HOTEL PANORAMA MIRAFLORES","HOTEL","CARRERA 8  4 PISO 2","elvisrojas1980@gmail.com",7,10,1,61835
"322","PAEZ","HOTEL EL ENSUEÑO","HOTEL","CARRERA 2  3- 28","carlosjr136@gmail.com",8,10,1,56303
"326","TUNJA","HOTEL GRAN BICENTENARIO","HOTEL","AVENIDA ORIENTAL NRO 12 A - 14 BARRIO EL JORDAN","protesecltda@hotmail.com",12,24,1,52089
"328","NOBSA","HOTEL VILLA SOFIA PUNTALARGA","HOTEL","KM 6 VIA DUITAMA NOBSA","hotelvillasofia@hotmail.com",12,25,2,52721
"329","MONIQUIRA","HOTEL PALMERAS DE LUZ","HOTEL","CARRETERA CENTRAL N. 27-94","contabilidadgrupoabril@gmail.com",42,100,1,60977
"330","PUERTO BOYACA","HOTEL ANDINO PLAZA","HOTEL","CR 5 16 21","hotel-andino@hotmail.com",20,22,1,44404
"331","VILLA DE LEYVA","EL PEREGRINO DE LA VILLA","HOTEL","CALLE 11  11 38","elperegrinodelavilla@gmail.com",10,16,1,43503
"332","TUNJA","HOTEL COLONIAL EL BOSQUE","HOTEL","CALLE 15 10-50","rafalvarez0390@gmail.com",10,16,2,61780
"333","VILLA DE LEYVA","HOSPEDAJE PLAZA PRINCIPAL VILLA DE LEYVA","HOTEL","CALLE 12   11 A  59","clarisabautistaf@hotmail.com",4,6,1,50489
"337","SOGAMOSO","HOTEL LA POSADA DEL REY","HOTEL","CARRERA 18 11 83","oscar_vargas7@hotmail.com",36,45,1,42847
"348","DUITAMA","HOTEL MILAN DUITAMA","HOTEL","CL 10 39A 30 P2-5 SEVILLA","hotelmilan10@gmail.com",21,54,4,60949
"349","IZA","HOTEL LA CASONA NUÑEZ","HOTEL","KR 5 6 04","alnunez2006@yahoo.es",15,40,1,51372
"350","TUNJA","HOTEL BALCON REAL","HOTEL","DIAGONAL 38 NRO 18-134","hotelbalconrealtunja@gmail.com",16,21,1,54359
"352","TIBASOSA","HOTEL ALTA VISTA","HOTEL","VDA PATROCINIO KM 2 VIA SOGAMOSO TIBASOSA","taquintor@gmail.com",21,32,1,47416
"354","SOGAMOSO","HOTEL ABADIA SOGAMOSO","HOTEL","CR 11 18 41","abadia.hotel11@gmail.com",20,20,1,45146
"355","DUITAMA","COMPLEJO TURISTICO Y DEPORTIVO EL JUNCAL CIARA","HOTEL","KM 3 VIA PANTANO DE VARGAS","hotelaceljuncal@hotmail.com",18,36,3,48285
"356","VILLA DE LEYVA","HOTEL PUENTE PIEDRA","HOTEL","VEREDA EL ROBLE SECTOR PUENTE PIEDRA","reservas@hotelpuentepiedra.com.co",13,19,1,52154
"358","PAIPA","PONTEVEDRA HOTEL BOUTIQUE","HOTEL","KM 1.5 VIA LAS PISCINAS","administracion@hoteleslafloresta.com",10,13,4,58961
"360","NOBSA","INAOSKAECOSPA","HOTEL","KM 2.6 VDA SAN MARTIN NOBSA","bravogladys060@gmail.com",18,45,2,46813
"361","SOGAMOSO","HOTEL H53","HOTEL","KR 13 13 53","gerenciah53@outlook.com",32,74,1,45395
"362","AQUITANIA (PUEBLO VIEJO)","HOTEL OLAS DE CRISTAL","HOTEL","KR 6 8 04","hotelolasdecristal@gmail.com",10,21,1,57240
"363","TUNJA","HOTEL GHR SANTIAGO DE TUNJA","HOTEL","AVENIDA UNIVERSITARIA  35 230","gerencia.ghr.hoteles@gmail.com",75,90,1,52548
"364","GARAGOA","HOTEL DANNYS","HOTEL","CARRERA 12 N 12-41","florita.66@hotmail.com",15,22,3,63220
"369","CHIQUINQUIRA","HOTEL SANTIAMEN DE LA VILLA","HOTEL","CALLE 16  11 36","gerenciasantiamen@gmail.com",9,14,4,61471
"370","DUITAMA","HOTEL VILLA VISTA","HOTEL","CL 11 21 69","carmenrosasabores@gmail.com",17,25,1,42261
"371","VILLA DE LEYVA","HOTEL CAMPANARIO DE LA VILLA REAL","HOTEL","CALLE  13  11 23","reservas@hotelcampanariodelavilla.com",13,15,24,101864
"372","VILLA DE LEYVA","HOTEL JARDINES DE LA VILLA","HOTEL","CALLE 12  10 46","reservas@hotelcampanariodelavilla.com",16,16,24,105834
"373","TUNJA","HOTEL PRELUDIO","HOTEL","CRA 6 17 67","wlpinzon@gmail.com",8,10,1,54637
"375","SOGAMOSO","HOTEL LA 27","HOTEL","CL 11   27   08","hotella27@gmail.com",12,16,1,44146
"377","RAQUIRA","HOSPEDAJE TAQUIRA","HOTEL","CALLE 4  3 36","rosalbasuarez67@gmail.com",8,14,1,60421
"389","VILLA DE LEYVA","HOTEL CASA CANTABRIA","HOTEL","CARRERA 10 10 33","rofegaes@hotmail.com",13,13,1,55507
"392","JENESANO","HOTEL POSADA LA CASONA JENESANO","HOTEL","CARRERA 4 6 01","mar-1940@hotmail.com",10,26,1,44972
"393","VENTAQUEMADA","HOTEL EL CARPI","HOTEL","VEREDA BOJIRQUE SECTOR EL CARPI","juanantoniomancipe31@gmail.com",27,41,1,56907
"396","EL COCUY","HOTEL SAN GABRIEL DE EL COCUY","HOTEL","CL 8 2 55","alejomunozsandoval@gmail.com",6,11,1,60852
"397","RAQUIRA","HOTEL HUNZAHUA","HOTEL","CARRERA 3  4-08","augomez72@hotmail.com",9,10,1,50416
"402","COMBITA","HOTEL VILLA REAL SEDE CAMPESTRE","HOTEL","KM 2  VIA TUNJA - PAIPA  VEREDA SAN ONOFRE","hotelvillarealcampestrecombita@hotmail.com",20,27,1,47954
"404","VILLA DE LEYVA","MARQUES DE SAN JORGE DE VILLA DE LEYVA","HOTEL","CALLE  14 9-20","hospederia_elmarquesdesanjorge@yahoo.com",15,36,1,47189
"406","SACHICA","PLAZA MEDINA HOTEL","HOTEL","CARRERA 1   3 37","cimedina90@gmail.com",10,20,4,52458
"409","PANQUEBA","POSADA TURISTICA EL CACIQUE DE LA MONTAÑA","HOTEL","VDA FRANCO","jovevehe12@gmail.com",7,8,1,53313
"412","SOCHA","LA FLORIDA CASONA HOTEL","HOTEL","CL 6 7 25","info@lafloridacasonahotel.com",13,25,1,57133
"416","SOGAMOSO","HOTEL PALMERAS DE LA GLORIETA","HOTEL","CL 7 16 24","nesma-48@hotmail.es",5,5,1,55392
"418","SACHICA","HOTEL VILLASAURIO","HOTEL","CARRERA 5  4-65","brandon_13bp@hotmail.com",14,14,1,52930
"422","DUITAMA","HOTEL EL PALACIO DEL REY","HOTEL","CR 31 8 57 P 2","hotelelpalaciodelrey@gmail.com",17,34,1,58229
"426","CHIQUINQUIRA","HOTEL GRAN CASA REPUBLICANA","HOTEL","CALLE 18  9 75","jeison5554@hotmail.com",14,19,1,57183
"428","DUITAMA","HH HACIENDA EL CARMEN CENTRO DE CONVECIONES","HOTEL","CL 8  35 14","hotelhaciendaelcarmen@hotmail.com",23,42,1,42401
"429","MUZO","RESIDENCIAS LAS VEGAS","HOTEL","CARRERA 8  4-48","marcoantoniomorenoramirez@hotmail.com",13,20,1,49618
"431","TUNJA","HOTEL BICENTENARIO TUNJA","HOTEL","CARRERA 6  62-45","bicentenarioasis@gmail.com",21,31,1,43018
"436","GACHANTIVA","HOTEL AVENTURA PARK","HOTEL","VEREDA SAAVEDRA DE RONCANCIOS SECTOR LA PERIQUERA","contabilidad.hbi@gmail.com",12,29,2,59958
"439","IZA","HOTEL HACIENDA EL ASERRIO","HOTEL","KR 5 1 67","matidiazg@hotmail.com",3,9,1,60474
"440","VILLA DE LEYVA","HOTEL ESQUINA COLONIAL","HOTEL","TRANSVERSAL 10  8 61","cardozocesaraugosto4@gmail.com",15,30,1,52852
"441","DUITAMA","HOTEL GRAND BOYACA","HOTEL","TV 29 14 20","hotelgrandboyaca@gmail.com",19,23,1,59047
"444","JENESANO","HOTEL CARRIZALES","HOTEL","CARRERA 3  8 12","trituradorasanmartinjenesano@gmail.com",15,32,1,53671
"445","SORACA","HOTEL COLONIAL P Y G","HOTEL","CARRERA 3  3-15","mariangelicabonillasanchez@gmail.com",14,32,1,55366
"450","DUITAMA","HOTEL EL NORTEÑO","HOTEL","KM 6 VIA DUITAMA - SANTA ROSA","caceresc753@gmail.com",15,17,1,52226
"454","DUITAMA","HOTEL EL MARQUEZ MARQUEZ","HOTEL","CR 19 12 15","luzcely0921@gmail.com",13,16,1,57255
"455","SAN MATEO","HOTEL CASA MEDINA SAN MATEO BOYACA","HOTEL","CR 2 3 54","edelmiracenteno62@hotmail.com",7,14,1,60067
"456","AQUITANIA (PUEBLO VIEJO)","HOTEL REFUGIO SANTA INES","HOTEL","KM 29 VIA SOGAMOSO-AQUITANIA","santaineshotel@gmail.com",32,53,1,58409
"458","NOBSA","SILOE MI HOGAR","HOTEL","KR 2  7 41","siloemihogar2013@hotmail.com",20,40,1,43429
"459","TUNJA","HOTEL LA RIVIERA CENTRO","HOTEL","CARRERA 7  16-21","orrojman@gmail.com",16,18,1,42078
"461","JENESANO","HOTEL NONCETA","HOTEL","CARRERA 2  3- 246","hotelnonzta@gmail.com",8,20,1,43044
"464","MUZO","HOTEL EL CRISTAL","HOTEL","CALLE 6  7-14","linaramirezsutaneme@gmail.com",22,23,1,59331
"466","ZETAQUIRA","HOTEL CAMPESTRE LAS HELICONIAS ZETAQUIRA","HOTEL","VEREDA PATANOA AGUACALIENTE ZETAQUIRA","hotellasheliconias.hclh@gmail.com",33,75,4,59525
"468","TUNJA","HOTEL BOCHICA BOYACA","HOTEL","CARRERA 9  24 - 38","hotelbochicat@gmail.com",10,27,1,48277
"470","TUNJA","CASA  HOTEL SALAMANDRA TUNJA","HOTEL","CALLE 22  9-13","hotelsalamndratunja@gmail.com",6,7,1,61189
"472","CHIQUINQUIRA","2DO CENTAURO VICTORIA","HOTEL","CALLE 11  9 20","bloren802@gmail.com",5,9,1,53824
"474","JENESANO","HOTEL EL PALACIO","HOTEL","CARRERA 9  2-46","pagalindo0619@gmail.com",9,12,1,52628
"475","TUNJA","HOTEL LA CASONA 24 HORAS","HOTEL","CALLE 24 N 9 67","hotellacasona174@gmail.com",12,16,1,49679
"481","PUERTO BOYACA","HOTEL HOLANDA K.81","HOTEL","VEREDA CAÑO ALEGRE KILOMETRO 81","maoc66g@gmail.com",20,20,1,48391
"487","DUITAMA","HOTEL MONTECARLO REAL AC","HOTEL","CR 42 14 29","alvarocamacho7229@gmail.com",4,8,1,58168
"489","VILLA DE LEYVA","HOTEL CAPITAN RICAURTE","HOTEL","CARRERA 9  4 72","administracion@hoteleslafloresta.com",12,44,4,48838
"491","FIRAVITOBA","HOTEL VIRABA","HOTEL","CAMPO HERMOSO VDA TINTAL","hotelviraba@gmail.com",7,17,1,49275
"495","CHIQUINQUIRA","HOTEL EDILCAR","HOTEL","CALLE 19  13 44","ramirezedilberto851@gmail.com",22,36,1,59132
"507","BELEN","HOTEL COLONIAL DE BELEN","HOTEL","CL 8A  4 26","yoobanydiaz12345@gmail.com",10,21,1,55959
"511","VILLA DE LEYVA","CASA HOTEL SAN PEDRO","HOTEL","KILOMETRO 2.5 VEREDA EL ROBLE MIRADOR DE LA VILLA","gerencia@casahotelsanpedro.com.co",7,9,2,57690
"512","TUNJA","HOTEL GAITAN 24 HORAS","HOTEL","CALLE 30  13-48","victorwilchezj@gmail.com",10,12,1,48960
"513","OTANCHE","HOTEL LAS QUINCHAS","HOTEL","CARRERA 7 4 20","hotellasquinchas@gmail.com",22,24,2,55094
"516","DUITAMA","CASA BLANCA REAL","HOTEL","CL 13 19 04","otorresp@misena.edu.co",14,28,1,44745
"518","DUITAMA","HOTEL VIRREY PLAZA","HOTEL","CL 17 17 45","jesusaldarriaga94@gmail.com",15,20,1,57699
"521","PAIPA","HOTEL PAIPA INN","HOTEL","CL 25 17 47  PISOS 2","hotelpaipainn@gmail.com",9,15,1,59737
"525","CHIQUINQUIRA","HOTEL SARABITA CHIQUINQUIRA","HOTEL","CALLE 16  8 12","wilson278@hotmail.com",46,65,3,50082
"526","GARAGOA","HOTEL LA MACARENA","HOTEL","CARRERA 12    13   24","nubia_va@hotmail.com",4,7,1,57412
"533","TUNJA","HOTEL ARISTO TUNJA","HOTEL","AVENIDA NORTE 45 22","admonhotelaristo@gmail.com",17,30,5,61927
"534","VILLA DE LEYVA","FONTANA PLAZA HOTEL","HOTEL","CARRERA 9  9 27","reservasfontanaplaza@gmail.com",14,28,3,65153
"536","TIBANA","RANCHO GRANDE LA CASONA","HOTEL","CALLE 5  4-50","gladysarenas_03@hotmail.com",20,25,1,45174
"538","MIRAFLORES","HOTEL PLAYA ALTA MIRAFLORES","HOTEL","CALLE 6  11A-119","pastorbuitrago79@hotmail.com",13,16,1,52519
"539","GARAGOA","HOTEL Y RESTAURANTE EL OASIS","HOTEL","CALLE  13  14  24","gloriam@hotmail.com",6,7,1,59463
"542","MIRAFLORES","LA POSADA DE DON JUAN","HOTEL","CARRERA 8  4-56 PEATONAL","malfonsoalfonso@yahoo.com",19,28,1,59394
"545","PAIPA","HOTEL HACIENDA EL SALITRE","HOTEL","VDA LA ESPERANZA","lozanoconta@hotmail.com",23,38,30,100474
"548","TUNJA","HOTEL CIMA","HOTEL","AVENIDA ORIENTAL 16-54","hotelcimatunja@gmail.com",14,19,3,65518
"551","SUTAMARCHAN","HOSPEDERIA EL OASIS","HOTEL","CARRERA 4  5  63","gladysmaal@hotmail.com",15,15,1,51804
"554","CUITIVA","BIG DAY HOTELS","HOTEL","KILOMETRO 20 VIA SOGAMOSO - AQUITANIA","gerencia@bigdayhotels.co",30,100,1,49783
"558","CUCAITA","LA CASONA VILLA PAULA","HOTEL","CARRERA 7  7-79","larottss@gmail.com",11,27,1,50351
"563","SANTANA","HOTEL TRIUNFADORES","HOTEL","KTRO 4 VIA SANTANA -BUCARAMANGA VEREDA SAN EMIGDIO EL BOQUERON","edssantodomingo2017@hotmail.com",17,19,3,47859
"565","VILLA DE LEYVA","HOTEL CASA CANTABRIA CAMPESTRE","HOTEL","VEREDA ROBLE ALTO SECTOR BOMBEROS","cantabriacampestre@gmail.com",20,20,1,45236
"574","BELEN","HOTEL Y RESTAURANTE EL BELEMITA","HOTEL","CR 5 7 49","marthac.becerrac02@gmail.com",33,43,1,50108
"575","COMBITA","HOTEL SOL DEL NORTE P.H.","HOTEL","KILOMETRO 3 VIA TUNJA - PAIPA","hugo1994-@hotmail.com",34,50,4,54836
"578","MIRAFLORES","HOTEL YANUBA","HOTEL","CARRERA 9  2-45","hotelyanuba@gmail.com",20,25,1,50305
"585","MIRAFLORES","HOTEL DANN`A","HOTEL","CALLE 6  11-44","nacho09_k@hotmail.com",21,24,1,48081
"589","GUICAN","HOTEL CASA DEL COLIBRI","HOTEL","CL 2 5 19","hotelcasadelcolibri@gmail.com",7,18,1,53206
"591","MIRAFLORES","HOTEL ENCANTO REAL MIRAFLORES","HOTEL","CALLE 6  7-33","lmgarzon1404@gmail.com",8,8,1,45117
"595","MIRAFLORES","PLAZA REAL MIRAFLORES","HOTEL","CARRERA 8  5 - 40","adelfa.luna58@gmail.com",7,7,1,61132
"597","DUITAMA","HOTEL GRAN CASTELL","HOTEL","CR 42 14 27","hotelgrancastell@gmail.com",25,31,1,42879
"599","GUAYATA","HOTEL ROCA CENTER GUAYATA","HOTEL","CARRERA  4  5 32","julio.roca_68@hotmail.com",32,56,2,51443
"601","SAN EDUARDO","HOTEL DANNA SE","HOTEL","CARRERA 3 NO 5 30","candre_1891@hotmail.com",10,15,1,61252
"604","PUERTO BOYACA","HOTEL LA GRAN ESQUINA","HOTEL","CL 12 4 18","administracion@hotellagranesquina.com",55,113,7,66909
"605","PUERTO BOYACA","HOTEL BRASIL","HOTEL","CR 2 14 05","cristycbp@hotmail.com",10,11,1,43225
"609","CHIQUINQUIRA","HOTEL REAL MUISCA 2","HOTEL","CALLE 15 8 45","oscarim25@hotmail.com",34,34,3,54199
"618","SOGAMOSO","HOTEL GALES SOGAMOSO","HOTEL","DIAGONAL 59 69 82","hotelgalessog@gmail.com",18,22,1,50518
"626","MUZO","HOTEL LORDSAINS","HOTEL","CALLE 4  6-06","vcps.1961@hotmail.com",9,9,1,52163
"629","RAMIRIQUI","CASA BLANCA RAMIRIQUI","HOTEL","CARRERA 8 7 19","carlos.urrea472@gmail.com",7,9,1,50992
"635","ZETAQUIRA","HOTEL ARCOIRIS ZETAQUIRA","HOTEL","VEREDA PATANOA","edibertoc1@hotmail.com",15,15,1,54465
"636","SACHICA","HOTEL SAN LUIS SACHICA","HOTEL","VEREDA CENTRO LOTE EL RECUERDO","hotelsanluissachica@gmail.com",20,26,1,44800
"637","BERBEO","B & M","HOTEL","CALLE 5 2 37","jiba.67@hotmail.com",15,21,1,60159
"642","SAN LUIS DE GACENO","HOTEL ORQUIDEA SAN LUIS","HOTEL","CALLE  6  3  24","naoki1400@hotmail.com",15,22,2,55389
"648","SANTA MARIA","HOTEL EL PEÑON SANTA MARIA","HOTEL","CARRERA 1C 2 56 60","elpenonhotel@hotmail.com",39,58,3,56966
"650","SAN PABLO BORBUR","HOTEL MANJUS","HOTEL","CARRERA 4  N 4 16","judithfor1956@gmail.com",10,15,1,44337
"651","JENESANO","VITTORIO HOTEL","HOTEL","CALLE 8 N 6  26","info@vittoriohotel.com",5,10,1,57241
"661","TUNJA","HOTEL Y RESTAURANTE KASTELLO","HOTEL","CARRERA 14 3 08 SUR","nicky_0017@hotmail.com",11,21,1,51567
"663","VILLA DE LEYVA","HOTEL VDL COLONIAL","HOTEL","CARRERA 13  8 71","hotelvdlcolonial@gmail.com",20,20,1,57639
"665","NOBSA","HOTEL SAN  ROQUE  NOBSA","HOTEL","CL 4 9 23","dorisb2010@hotmail.com",10,17,1,42921
"668","DUITAMA","JUANDALE HOTEL","HOTEL","CR 42 17 03","garciaclarosyudyandrea@gmail.com",7,8,1,58397
"674","PUERTO BOYACA","HOTEL JUANESS","HOTEL","CL 11 3 22","cristian_lea9311@hotmail.com",10,12,2,49388
"677","GARAGOA","HOTEL LA CEIBA DE ORO","HOTEL","CARRERA 10  9 31","mery_77@live.com",21,25,2,49657
"681","AQUITANIA (PUEBLO VIEJO)","HOTEL REFUGIO DEL LAGO","HOTEL","KR 9 5 89","gerenciarefugiodelago@outlook.com",12,20,2,56864
"683","GARAGOA","HOTEL EL ENCANTO GARAGOA","HOTEL","CARRERA 11 13 18","reservas@hotelelencanto.com.co",14,18,1,60962
"685","SANTA MARIA","HOTEL LOS ALMENDROS ST","HOTEL","CALLE 4    2  30","h.almendros.sm@gmail.com",24,38,1,42140
"687","MONIQUIRA","CASA BLANCA HOTEL RESTAURANTE SALON DE EVENTOS Y CONFERENCIAS","HOTEL","CARRERA 5 17 23","casablancahotelmoniquira@hotmail.com",20,43,1,49032
"688","GARAGOA","HOTEL CAMPESTRE EL FLAMINGO","HOTEL","VDA QUIGUA ABAJO","luisflamingo22@gmail.com",7,11,1,50381
"689","MACANAL","HOTEL EL CLAVELLINO","HOTEL","CALLE 4 NRO. 6 - 18","clavellinohotel@gmail.com",11,11,1,51158
"696","MUZO","HOTEL NUEVO REAL CC","HOTEL","CALLE 4  6-17","hotelnuevorealcc@gmail.com",14,16,1,56234
"700","MUZO","HOTEL LA GIRONDA","HOTEL","CALLE 5  5-35","custodiahotel@hotmail.com",8,9,1,60397
"701","GARAGOA","HOTEL MAMAPACHA","HOTEL","CARRERA 12 10A 25","hotelmamapacha@hotmail.com",15,23,1,54542
"707","PUERTO BOYACA","HOTEL PALAGUAS","HOTEL","CR 5 30 48","acjpuertoboyaca@gmail.com",33,40,2,62044
"708","CHIQUINQUIRA","HOTEL PUERTA DEL OCCIDENTE","HOTEL","CARRERA 12 10 38","h.puertaoccidente3@outlook.com",15,19,1,57147
"711","TOTA","HOTEL COLONIAL VILLA CARMELA","HOTEL","CR 4 4 83","yurynil@yahoo.es",8,8,1,44757
"714","DUITAMA","HOTEL UNIVERSAL","HOTEL","CR 42 13 75","universaldetornillos@hotmail.com",23,29,17,77065
"724","TUNJA","HOTEL LA GRAN CASONA","HOTEL","CALLE 19 7 65","casadelabuelohotel@outlook.com",10,10,1,45826
"725","SAN LUIS DE GACENO","HOSPEDAJE MEDITERRANEO","HOTEL","CARRERA 4  N  6 - 38","fannybaca2019@gmail.com",7,10,1,50664
"727","SANTANA","HOTEL TURISTICO SANTANA","HOTEL","VEREDA SAN ISDIDRO BAJO KILOMETRO 1 VIA BARBOSA","chequintero@gmail.com",1,14,2,45744
"733","TOTA","HOSPEDAJE EL CHALET","HOTEL","VDA LA PUERTA","hrestrepo1234@gmail.com",5,12,1,46476
"735","MONIQUIRA","HOTEL VITAL","HOTEL","KTRO  6 VIA  MONIQUIRA- BARBOSA","actinc.sas@gmail.com",41,65,1,53443
"737","VILLA DE LEYVA","HOSPEDERIA SANTA ANA COLONIAL","HOTEL","CARRERA 14 13 75","sebastian24sierra@gmail.com",8,12,1,50003
"740","BOYACA","HOTEL LA PRADERA BOYACA","HOTEL","KM 18 VIA TUNJA RAMIRIQUI","hotelpradera@hotmail.com",8,15,1,53309
"741","GARAGOA","HOTEL SAN FERNANDO SAMAT","HOTEL","CARRERA 12   12  49","orlando80_2@hotmail.com",13,21,2,60592
"746","PUERTO BOYACA","HOTEL MONARCA DEL PUERTO","HOTEL","CR 3 11 31","rmonarca1131@hotmail.com",33,33,4,60842
"766","TOCA","HOTEL LA AVENIDA","HOTEL","CARRERA 10  4-54","aabarretog1503@gmail.com",13,19,1,49830
"768","TIBANA","PROVINCIA HOTEL","HOTEL","CALLE 5 NRO. 3 50","jfabianvrodri@hotmail.es",11,12,1,56192
"775","SUTAMARCHAN","HOTEL CASA DE LA VILLA SUTAMARCHAN","HOTEL","ESTACION DE SERVICIO PUMA SALIDA A TINJACA","edwinvillamil0@gmail.com",11,16,1,44176
"777","TIBANA","HOTEL SAN JERONIMO TIBANA","HOTEL","CALLE 5 N- 08-45","estellaparada24@gmail.com",9,12,1,47472
"781","MUZO","HOTEL LOS BALCONES MC","HOTEL","CALLE 3  4-42","acostamariadelcarmen774@gmail.com",7,7,1,53877
"782","DUITAMA","HOTEL OLIMPIA","HOTEL","CR 42 17 71","hotelolimpia1@gmail.com",40,74,7,57204
"785","MIRAFLORES","HOTEL EL BUHO","HOTEL","CALLE 6  11 - 57","dianaguty02@hotmail.com",10,10,1,59069
"790","CHIQUINQUIRA","HOTEL BOUTIQUE SAN MARCOS CHIQUINQUIRA","HOTEL","CALLE 17 11 21","hotelsanmarcossas@gmail.com",15,30,8,72955
"798","SAN JOSE DE PARE","HOTEL MIRADOR DEL CAMPO","HOTEL","VERREDA SAN ISIDRO BAJO","anamejiacortes@hotmail.com",10,15,1,51558
"804","PUERTO BOYACA","INVERSIONES SALVADOR HOTEL SANTA BARBARA PLUS","HOTEL","CR 5 24 51","hotelsantabarbaraplus@gmail.com",70,100,40,135474
"821","CHIQUINQUIRA","HOTEL LA CAMPIÑA F","HOTEL","KM 1 SALIDA BOGOTA","dianis.2007@hotmail.com",9,9,1,47908
"824","ZETAQUIRA","HOTEL DUBAI ZETAQUIRA","HOTEL","CARRERA  2  3  - 75","kaji1505@hotmail.com",6,7,1,43313
"826","SOATA","HOTEL SANTA CRUZ","HOTEL","CL 11 3 36","tatica.05@hotmail.com",19,31,4,56811
"829","VENTAQUEMADA","HOTEL OTACA","HOTEL","VEREDA BOJIRQUE SECTOR EL MANZANO","pedro_otalora@gmail.com",10,12,1,51242
"832","TIBASOSA","HOTEL BOUTIQUE LOS VAGONES DE  WILLIAM","HOTEL","CR 7  7 - 01  EL VAGON DEL TREN","cadavid.william530@gmail.com",9,15,1,48819
"833","SOGAMOSO","SUITE SANTA LUCIA HOTEL BOUTIQUE SAS","HOTEL","CL 11 14 75","suitesantalucia@gmail.com",10,12,1,45703
"836","PUERTO BOYACA","HOTEL CAMPESTRE LA MESETA PARAISO NATURAL","HOTEL","CR 1 6 21","hotelcampestrelameseta2018@outlook.com",9,11,9,68140
"844","TINJACA","HOTEL ALMA","HOTEL","EL ANILLO VEREDA FUNZA","ayuda@hotelalma.co",12,12,6,52384
"860","SACHICA","HOTEL PARADOR VILLA BAMBU","HOTEL","KILOMETRO 7 VIA SACHICA - SUTAMARCHAN","jpcr78@hotmail.com",17,26,1,57474
"863","ARCABUCO","BLUE HOTEL","HOTEL","CARRERA 3  2  -  221","jaimeg-05@hotmail.com",21,21,1,53193
"865","MUZO","HOTEL VILLA DE LOS MUZOS","HOTEL","CALLE 2 4 04","monoperez1971@gmail.com",22,22,1,54829
"876","GARAGOA","HOTEL CLUB SAN CARLOS","HOTEL","SECTOR CLUB SAN CARLOS","holmanvargas2468@gmail.com",7,10,1,51369
"881","PUERTO BOYACA","HOTEL LA QUINTA AVENIDA IM","HOTEL","CR 5 17 28","jherrera3858@gmail.com",12,16,1,47584
"886","PAIPA","VILLA VIANNEY HOTEL DE LA JUAN","HOTEL","CL 26 26 60","crcdelajuan@jdc.edu.co",84,62,5,59224
"888","PAUNA","HOTEL BUENOS AIRES M","HOTEL","CARRERA 4 5 16","gloriainespenademunoz@gmail.com",9,10,1,57855
"891","CUITIVA","HOTEL TIVACUI","HOTEL","CL 4 3 41","camolio153@gmail.com",6,6,1,53711
"894","SANTA ROSA DE VITERBO","HOTEL LA CASONA D ORLANDO","HOTEL","CR 4 9 20","giannella92@hotmail.com",5,7,1,49895
"899","BELEN","HOTEL VILLA DEL ENCANTO","HOTEL","CR 5 1 71","cr.villaelencanto@hotmail.com",7,11,1,58225
"909","TENZA","HOTEL CAMPESTRE CASA DE LA ABUELA","HOTEL","VDA RESGUARDO","marcoaurelioparra1@gmail.com",5,14,1,48371
"922","DUITAMA","HOTEL VILLA INES REAL","HOTEL","CR 41 10 37","hotelvillainesrealduitama@gmail.com",13,17,1,53629
"924","TOCA","LA VILLA TOCANA","HOTEL","CARRERA 7 5 38","nancyrociobg@gmail.com",15,18,1,51110
"926","SUTAMARCHAN","HOTEL DANIEL","HOTEL","CALLE 6 3-72","rojasrussiomar300559@gmail.com",20,30,2,49376
"930","DUITAMA","HOTEL PLAZA MAYOR SERVICIOS TURISTICOS Y HOTELEROS J.T.","HOTEL","CL 15   14   16","hotelplazamayorduitama@gmail.com",11,12,1,53104
"934","VILLA DE LEYVA","HOTEL DON PAULINO","HOTEL","CALLE 14 7 46","manuelcorderovg@hotmail.com",15,26,1,46625
"940","NOBSA","HOSPEDAJE DONDE CHUCHO","HOTEL","KR 2 8 37","hospedajedondechucho.nazareth@gmail.com",9,12,1,52865
"946","VILLA DE LEYVA","HOTEL CASA ROMA VILLA DE LEYVA","HOTEL","CARRERA 9  A  7 49","johannacogollos@yahoo.com",10,27,1,50951
"951","VILLA DE LEYVA","HOTEL SPA VILLA LINA L R","HOTEL","AVENIDA CIRCUNVALAR CALLE 21","contacto@hotelvillalina.net",19,24,5,52606
"956","SAN JOSE DE PARE","HOTEL SAN JOSE DE PARE","HOTEL","VEREDA SAN ISIDRO BAJO SECTOR LA BOMBA","samicosa1184@yahoo.es",9,9,1,54435
"973","NOBSA","HOTEL  STATION DIAMANTE","HOTEL","KM 10 VIA DUITAMA BELENCITO","cmarcelino53@gmail.com",9,15,1,52960
"977","PUERTO BOYACA","ALOJAMIENTO LA Y","HOTEL","AUTOPISTA LA Y ENTRADA PUERTO BOYACA","elianarociobarragan@hotmail.com",23,30,1,44985
"983","VILLA DE LEYVA","HOTEL VILLA BAMBU","HOTEL","CARRERA 8 6-163","croalto77@gmail.com",2,4,1,53191
"984","SOGAMOSO","HOTEL LLANERO BOYACA","HOTEL","KR 15 10 09","hotelllanero.sogamoso@gmail.com",10,16,1,50538
"986","PAIPA","HOTEL ESTACION LOS ANGELES","HOTEL","KM 3 VIA PAIPA-TUNJA","edssumigaspaipa@gmail.com",7,7,1,50955
"989","CHIQUINQUIRA","HOTEL LINK","HOTEL","CARRERA 9  15 - 01","linkhotelchi@hotmail.com",20,29,1,58666
"993","PUERTO BOYACA","HOTEL SHEKINAH","HOTEL","CR 3 A 13 64","rafaelcanizalesarias@gmail.com",9,9,1,56392
"997","DUITAMA","HOTEL PARK","HOTEL","CR 19  17 36","franciscajoya@hotmail.com",17,21,1,51138
"999","TOPAGA","SU HOTEL ALTA MONTAÑA","HOTEL","KM 12 VIA TOPAGA-MONGUA Y MONGUI","leocepedat@gmail.com",18,18,2,54425
"1000","DUITAMA","HOTEL REAL DUITAMA","HOTEL","CL 17 17 52 P 2","javierriano201409@gmail.com",7,7,1,46849
"1001","SOGAMOSO","HOTEL CACIQUE PLAZA II","HOTEL","CL 8  20A 41","hotelcaciqueplazasogamoso@gmail.com",29,29,1,43517
"1005","VILLA DE LEYVA","HOTEL LA ALHAMBRA","HOTEL","KILOMETRO 1 VIA FUNDADORES","nexusholdingsas@gmail.com",14,14,3,53826
"1006","PUERTO BOYACA","HOTEL CASA BLANCA PALACE","HOTEL","CR 4 13 01 ESQUINA PISO 2","casablancahotelpalace@gmail.com",16,26,1,42262
"1010","VILLA DE LEYVA","HOTEL AQUA VITAE","HOTEL","CALLE 8 10  196","dianacarrillof@hotmail.com",20,20,5,67350
"1011","TIBASOSA","HOSPEDAJE CASA FLORALIA","HOTEL","CL 4 5 20","hotelcasafloralia@gmail.com",8,24,1,61852
"1018","CUCAITA","CAMINO A LA VILLA CUCAITA HOTEL","HOTEL","CARRERA 7  7 67","sandrappuentes@gmail.com",15,31,1,56177
"1020","VILLA DE LEYVA","VILLA DE LEYVA PLAZA HOTEL BOUTIQUE","HOTEL","CALLE 8  10 95","villadeleyvaplazahotelboutique@gmail.com",7,14,1,58534
"1028","VILLA DE LEYVA","HOTEL EL EMBRUJO","HOTEL","CALLE 14  8 - 25","juanfernandoacevedo@hotmail.com",6,6,1,59838
"1034","AQUITANIA (PUEBLO VIEJO)","HOTELROCASLINDAS 1945","HOTEL","KM 26 VIA SOGAMOSO AQUITANIA","hotelrocaslindas1a@gmail.com",9,26,1,52788
"1038","PAIPA","HOTEL PAIPA REAL INN","HOTEL","CL 26 19 16","hotelpaipareal@gmail.com",24,28,1,53106
"1041","TUNJA","HOTEL MI GLORIA","HOTEL","CARRERA 2 ESTE 23 15","carjim.27@gmail.com",12,15,1,47529
"1045","CHIQUINQUIRA","HOSPEDAJE AUGUSTO","HOTEL","CALLE 16  7A 13","acevedo2868@hotmail.com",10,19,3,59184
"1051","SAN EDUARDO","CASA HOTEL LAS PALMAS SAN EDUARDO","HOTEL","VEREDA BOMBITA","nellyp58r@yahoo.com",10,12,1,46869
"1068","VENTAQUEMADA","HOTEL AGUA LUNA","HOTEL","KM 3 VIA BOGOTA TUNJA - SUPATA","pao_rojas2407@htmail.com",12,12,1,47765
"1071","NOBSA","CASA BERTHA HOTEL Y SERVICIOS","HOTEL","CL 4 11 13","wilsoncely@yahoo.es",12,20,1,56316
"1079","TUNJA","HOTEL EL CID PLAZA PREMIUM","HOTEL","CARRERA 10 20 78 P2","tourismyossa@gmail.com",17,34,4,62551
"1081","SOGAMOSO","HOTEL SILOE SALUDABLE DESCANSO","HOTEL","CR 2  7  41 BARRIO NAZARETH","hotelsiloe.nobsa@gmail.com",10,20,1,45461
"1082","TUTA","HOTEL VILLA NATALIA","HOTEL","VDA RIO DE PIEDRAS","lauracarranza00@gmail.com",14,18,1,48126
"1089","ZETAQUIRA","HOTEL SAN FERNANDO ZETAQUIRA","HOTEL","CARRERA 3  4 42","hotelsanfernandozetaquira@gmail.com",20,30,1,49398
"1090","MONIQUIRA","HOTEL CIUDAD DULCE","HOTEL","CARRERA 3 16 83","eidymorales89@gmail.com",19,27,1,43554
"1091","PANQUEBA","HOTEL Y RESTAURANTE EL PARAISO DE PANQUEBA","HOTEL","CL 4  2 81","rv242347@gmail.com",5,5,1,56263
"1100","SANTANA","ECOHOTEL SANTA JUANA","HOTEL","VEREDA SAN EMIGDIO SECTOR LAS CANARIAS","jahnalexramirez@gmail.com",6,20,2,55018
"1102","CUBARA","HOTEL CENTRAL LOS AMIGOS","HOTEL","CALLE 2 NRO. 5 - 27 BARRIO EL JARDIN","hotellosamigos1995@gmail.com",7,7,1,44717
"1106","TIBASOSA","HOTEL MARQUESA DE PINARES","HOTEL","VD CENTRO CL 4","marquesadepinareshotelboutique@gmail.com",8,12,1,61483
"1108","CHIQUINQUIRA","HOTEL MONTE CARLO E Y M","HOTEL","CALLE 9 8 76","lx.villamil@gmail.com",12,18,1,53239
"1111","DUITAMA","HOTEL CHAYANY","HOTEL","CL 18   18   29","franciscajoya@hotmail.com",13,22,1,57768
"1114","SACHICA","EVOQUE HOTEL BOUTIQUE","HOTEL","KILOMETRO 1 VIA SACHICA - SUTAMARCHAN","joaquincastro13_@hotmail.com",12,16,4,64978
"1120","COMBITA","HOTEL LA POSADA DE BACHUE","HOTEL","CALLE 4 N°5 20","nancyesperanzahernandez2020@gmail.com",9,20,1,59561
"1121","TUNJA","ARISTO GOLD HOTEL","HOTEL","AVENIDA UNIVERSITARIA 38 78","hotelaristogold@gmail.com",33,38,1,58010
"1125","AQUITANIA (PUEBLO VIEJO)","HOTEL CIUDAD DE LAS AGUAS","HOTEL","CR 7 7 43","omairarosas2010@hotmail.com",16,41,1,54803
"1126","SAMACA","HOTEL Y PARQUEADERO LA SEXTA","HOTEL","CARRERA 6 3 30","samaelvargas91@gmail.com",12,16,2,56579
"1134","DUITAMA","LA GULUPERA GRANJA ORGANICA","HOTEL","VDA LA PRADERA SECTOR LA ESPERANZA","danimejicon98@gmail.com",8,30,1,47428
"1140","MONGUI","HOSPEDAJE DE MONGUI","HOTEL","CL 5 4 68","jaimegomez64@gmail.com",2,4,1,42599
"1175","PAEZ","CASA BLANCA UPIA","HOTEL","CALLE 3  2-35","comcelpaez@gmail.com",15,17,1,50397
"1178","VILLA DE LEYVA","HOTEL CAMPESTRE CORDILLERA DE LOS ANDES","HOTEL","VEREDA ROBLE BAJO FINCA LAS VUELTAS","daniloflorez1109@gmail.com",18,20,3,53109
"1181","PUERTO BOYACA","HOTEL CONTINENTAL.M","HOTEL","CR 5 NO 14 84","marcelaperez_94@live.com",10,16,1,49847
"1183","SOATA","HOTEL INTERNACIONAL DE SOATA","HOTEL","CR 5 7 36","uzaque2020@gmail.com",30,55,4,51439
"1187","SOGAMOSO","HOTEL ORION","HOTEL","CL 13 13 12","hotelorionsogamoso1@hotmail.com",7,9,1,48393
"1191","DUITAMA","HOTEL SPA LA COLONIA","HOTEL","KM 3 VIA DUITAMA PAIPA","hotellacoloniaduitama@gmail.com",24,40,1,50271
"1193","SOATA","UZAQUE","HOTEL","KM 1 VIA SOATA DUITAMA","marthailo3@gmail.com",24,12,2,59187
"1203","VILLA DE LEYVA","HOTEL BOUTIQUE Y SPA BAHIA OLIVO","HOTEL","AVENIDA PERIMETRAL 10-40","hotelbahiaolivo@gmail.com",25,30,4,53438
"1207","CUITIVA","HOTEL EL CAMINO REAL","HOTEL","KM 20 VIA SOGAMOSO AQUITANIA","mauricioefigueroa@yahoo.com",19,40,1,44312
"1212","TURMEQUE","LEGENDD CASAGRANDE HOTEL","HOTEL","CARRERA 4 3 - 51","hcastelblanco@gmail.com",6,10,1,42587
"1228","VILLA DE LEYVA","ALOJAMIENTO JAW","HOTEL","CL 14 7 35","alojamientojaw@gmail.com",6,6,1,58137
"1232","VILLA DE LEYVA","HOTEL VILLA LUNA","HOTEL","TRANSVERSAL 10   7  63 INTERIOR","jalabago@hotmail.com",18,38,1,51603
"1238","SOGAMOSO","HOTEL MASTER","HOTEL","CL 11 16 86","hotelmaster01@gmail.com",7,8,2,60125
"1245","RAMIRIQUI","HOTEL RAMIRIQUI PLAZA","HOTEL","CARRERA 7 7 - 50","camilo.avila94@gmail.com",9,14,1,43580
"1247","TINJACA","HOTEL EL ZAGUAN DE LA RUECA","HOTEL","CARRERA 2  4-34","uyis.sierra@hotmail.com",15,25,1,44307
"1250","SACHICA","HOTEL VILLA ALEGRIA","HOTEL","CARRERA 6 1 74","pato.0408@hotmail.com",22,45,1,44588
"1262","GUATEQUE","HOTEL VILLA HOTEL","HOTEL","CALLE 10  8-11","sandramorar42@gmail.com",19,22,1,56775
"1278","MIRAFLORES","HOTEL BOCHICA MIRAFLORES","HOTEL","CALLE 8  6-05","jehc99@gmail.com",8,8,1,57142
"1296","VILLA DE LEYVA","MARGARITAS DE LA VILLA VDL","HOTEL","CALLE 9  11  42  INTERIOR 2","margaritasvilla2019@gmail.com",5,5,1,61849
"1297","QUIPAMA","HOTEL LAS CABAÑAS QUIPAMA","HOTEL","CARRERA 9 11 23","valentinamoron020@gmail.com",7,9,1,54491
"1298","QUIPAMA","HOTEL M&M","HOTEL","CLL 9A 7-11","rosmehen1964@gmail.com",6,8,1,47774
"1304","TUNJA","HOTEL Y SPA CASA CRISTAL","HOTEL","TRANSVERSAL 3  60A-123","patriciamunoz1973@hotmail.com",1,12,2,47998
"1307","PAIPA","HOTEL SAN MARCOS PAIPA","HOTEL","CL 24 16 17","coordinacion@hotelsanmarcospaipa.com",32,38,8,72018
"1322","TUNJA","BOYACA VIP SPA","HOTEL","CARRERA 6 59 51 AVENIDA NORTE","vipavaro@hotmail.com",23,33,1,56555
"1324","PAIPA","HOTEL DOBLE 3","HOTEL","CL 23 23 A 09","reservas@hoteldoble3.com",13,13,1,46341
"1350","SACHICA","HOTEL VILLA LUISA SACHICA","HOTEL","CALLE 6 1 33 INT 5","hotelvillaluisa@hotmail.com",20,50,1,56885
"1354","PUERTO BOYACA","RESTAURANTE Y HOSPEDAJE EL RANCHO DE SOFIA","HOTEL","VEREDA KILOMETRO DOS Y MEDIO","oscar2750gonzalez@gmail.com",8,10,1,59333
"1386","SUTATENZA","HOTEL VILLA DE LA ESPERANZA","HOTEL","CALLE 2 2 14","liden.alfonso@hotmail.com",23,50,1,52588
"1387","VILLA DE LEYVA","HOSPEDERIA VILLA PALVA","HOTEL","CARRERA 9A N? 7-37","hospederiavillapalva@gmail.com",10,18,1,53973
"1409","SOTAQUIRA","HOTEL Y PARQUEADERO EL TRANSPORTADOR","HOTEL","VDA BOSIGAS NORTE KM 27 VIA TUNJA-PAIPA","saritame_16@hotmail.com",7,14,1,60753
"1410","GUICAN","LA CUCHUMBA HOTEL CAMPESTRE","HOTEL","FINCA EL MIRADOR","claudiacobla@yahoo.com",9,17,1,61014
"1414","CUCAITA","HOTEL CAMPESTRE EL NOPAL","HOTEL","SECTOR EL BOQUERON","hotelcampestreruralelnopal@gmail.com",18,18,1,55211
"1419","SOGAMOSO","HOTEL PRESTIGIO JC","HOTEL","CR 13 12 76","hotelprestigiojc@gmail.com",24,52,5,51446
"1447","VILLA DE LEYVA","HOTEL CASA PROVENZAL SAS","HOTEL","CARRERA 11 19 - 13","luzmarina_laser@hotmail.com",13,29,1,58527
"1503","SANTANA","CAFETERIA Y HOTEL EL PANELERO","HOTEL","CALLE 1    2    42","hotelpanelero@gmail.com",16,16,1,51591
"1516","SOGAMOSO","HOTEL SANTA MARTA DE SOGAMOSO","HOTEL","CR 18 11 A 15","mayesava1@hotmail.com",8,10,1,49825
"1532","TUNJA","HOTEL SUYO","HOTEL","CARRERA 7 17-23","gaviriayuliana122@gmail.com",10,20,1,47982
"1546","SAN PABLO BORBUR","ALBANIA","HOTEL","FINCA PORVENIR","albaniahotelboutique@gmail.com",3,9,1,46886
"1560","CHIQUINQUIRA","EL HOTEL GRAN CENTRAL","HOTEL","CARRERA 10 17 18","hotelgrancentral2021@gmail.com",15,17,1,50436
"1563","TUNJA","HOTEL BOUTIQUE SANTUARIO","HOTEL","CARRERA 14 16-10","alexanderm_95@hotmail.com",18,22,1,60755
"1573","SAMACA","HOTEL BOIACA","HOTEL","CALLE 6 13 109","hotelboiaca@gmail.com",12,14,1,47290
"1591","MACANAL","HOTEL LA ESMERALDA MACANAL","HOTEL","CARRERA 5  2A   54","leonorvallejo39@gmail.com",11,12,1,53371
"1615","PUERTO BOYACA","HOTEL EL TESORO PARA DESCANSAR PUERTO BOYACA","HOTEL","CR 3 10 44","hoteleltesoropuerto@gmail.com",19,24,1,46044
"1619","JENESANO","HOTEL RESTAURANTE LA QUINTA JENESANO","HOTEL","VEREDA DULCEYES KILOMETRO 2 VIA JENESANO-TUNJA","quintala989@gmail.com",10,11,1,45856
"1623","MONGUI","HOTEL PORTON DE OCETA","HOTEL","CL 5 1 68","hotelportondeoceta@yahoo.es",5,10,1,56372
"1629","OTANCHE","HOTEL LOS ANDES GS","HOTEL","CARRERA 7 4 54","losandeshotelgs@gmail.com",11,22,1,48270
"1642","TUNJA","HOSPEDAJE DINASTIA","HOTEL","DIAGONAL 67 No. 1 03","alejamolina251986@gmail.com",5,5,1,44768
"1646","SAN MATEO","HOTEL PRIMAVERA SAN MATEO 1","HOTEL","CR 3 5 62","hotelprimavera.sm@gmail.com",7,12,1,43161
"1658","TUNJA","HOTEL COLONIAL EL BOSQUE DORADO","HOTEL","DIAGONAL 27 1E 25","julianmotavitalopez@gmail.com",12,13,1,60622
"1665","VILLA DE LEYVA","HOTEL ABAHUNZA VILLA DE LEYVA","HOTEL","CALLE  8   10  96","rosovar@gmail.com",40,100,1,53367
"1684","VILLA DE LEYVA","CASA HOTEL SANTA ELENA BOUTIQUE","HOTEL","CARRERA 10 4 78","consusie@hotmail.com",8,16,1,44355
"1688","TIBASOSA","POSADA LA MARIÑERA","HOTEL","CR 9 4 54","gerenteserviciolfch@gmail.com",10,13,3,57296
"1695","TUNJA","ASC PARQUE SANTANDER TUNJA","HOTEL","AV COLON 23 57","contabilidadasc5@gmail.com",10,13,3,56805
"1703","VILLA DE LEYVA","HOTEL PLAZA MAYOR VILLA DE LEYVA","HOTEL","CARRERA 10   12 31","plazamayorvdl@gmail.com",32,36,23,102394
"1707","VILLA DE LEYVA","MARIA BONITA  HOTEL","HOTEL","CALLE 18  10-36","hotelmariabonita2022@gmail.com",16,27,2,58060
"1714","MONIQUIRA","CABAÑAS SAN LUIS","HOTEL","CARRERA 7 30 16","luis109gomez@gmail.com",13,78,1,53355
"1730","GUATEQUE","EL GRAN HOTEL CENTRAL","HOTEL","CALLE  11  7  48","anpicu09@gmail.com",27,41,1,56426
"1737","GARAGOA","HOTEL ECLIPSE J.J.","HOTEL","CALLE 13 NO.  11A   26","juanjosevallejo155@gmail.com",15,17,1,57049
"1742","CHIQUINQUIRA","HOTEL PLAZA EL BOSQUE","HOTEL","CARRERA 9 3B 08 12 14","plazaelbosquehotel@gmail.com",14,14,1,49628
"1746","SOGAMOSO","HOTEL EL LAGO SOGAMOSO","HOTEL","CLL 11 A Nro. 17 30","avellanedalopezkarenlizeth@gmail.com",6,6,1,47760
"1761","PUERTO BOYACA","HOTEL JESTOR","HOTEL","CR 2 13 13","variedadesjestor@hotmail.com",11,14,1,52634
"1762","TUNJA","FLORENTINA HOTEL","HOTEL","CARRERA 10 24 45 INTERIOR 1","maleja1219@gmail.com",8,11,1,47193
"1763","RAQUIRA","HOTEL TOROGUA EL BALCON DE LOS ABUELOS","HOTEL","CALLE 5 CARRERA 4","hernan-sierra2011@hotmail.com",23,42,1,58636
"1785","CUITIVA","ROCAMONTI  HOTEL","HOTEL","VDA BUITREROS-CUITIVA","rocamontihotel@gmail.com",12,30,1,50107
"1793","CHIQUINQUIRA","HOTEL DUBANCHU´S","HOTEL","CALLE 4B 7 132","cristina23498307@yahoo.com",13,20,1,43453
"1794","VILLA DE LEYVA","HOTEL CHEF RICARDO","HOTEL","CARRERA 9   4 81","hotelchefricardo@gmail.com",1,36,2,63075
"1803","PAIPA","HOTEL ROOK INN","HOTEL","CR 19 20 08 PISO 2","hotelrookinn@gmail.com",7,15,1,46344
"1822","VILLA DE LEYVA","CASA ALCESTRE","HOTEL","CR 10 13 07 CENTRO","igsahlsas@gmail.com",28,39,8,64113
"1826","PAZ DE RIO","HOTEL PAZ DE RIO","HOTEL","CR 2 9 41 47","elsapatriciavelandia@gmail.com",8,14,1,54513
"1827","ARCABUCO","JULXIOMA","HOTEL","AVENIDA 3 4-81","claudiabautista0703@gmail.com",9,11,3,58568
"1832","SANTA ROSA DE VITERBO","HOTEL VILLA CENTRAL","HOTEL","CR 5 8 19","jorbascris@gmail.com",8,10,1,48565
"1838","PUERTO BOYACA","HOTEL SAN DIEGO JS","HOTEL","CL 13 3 30","jaivercardona151187@gmail.com",14,15,4,50778
"1844","CHITARAQUE","HOTEL Y RESTAURANTE PUERTO AZUL","HOTEL","SECTOR GUAYACAN Y PEÑA EL MARARAY","nochedeluces1@gmail.com",24,32,1,60293
"1860","DUITAMA","HOTEL CENTRO DE LAS AMERICAS","HOTEL","CR 18 10 47","mayra.cely.rincon@gmail.com",25,40,1,53982
"1863","VILLA DE LEYVA","HOTEL LAURELES VDL","HOTEL","CL 12 10 61","hotellaurelesvilla@gmail.com",11,16,1,56992
"1869","SANTANA","HOTEL Y RESTAURANTE EL PANELERO","HOTEL","CARRERA 2 2-50","cristianagarcia75@hotmail.com",5,11,1,60379
"1883","TUNJA","HOTEL ANGELES J&A","HOTEL","CL 13 2 126","nelsonfparada@gmail.com",12,22,1,52575
"1892","TUNJA","CLUB CAMPESTRE MONTE VERDE","HOTEL","KILOMETRO 5 VIA TUNJA DUITAMA","monteverdeclubcampestre@gmail.com",16,28,4,55440
"1894","AQUITANIA (PUEBLO VIEJO)","HOTEL LAGO AZUL AQUITANIA","HOTEL","CL 4 8 60","yasminsita79@hotmail.com",4,10,1,43316
"1901","VILLA DE LEYVA","CASA DE CAMPO & SPA VDL","HOTEL","KILOMETRO 3.5 VIA ALTO DE LOS MIGUELES","paoodel1414@gmail.com",16,25,1,59087
"1902","VILLA DE LEYVA","CASA CAMPO VDL","HOTEL","KILOMETRO 3.5 VIA ALTO DE LOS MIGUELES","julisyoki@gmail.com",16,25,1,52208
"1915","CHIQUINQUIRA","HOTEL BALCONES DE MARIA","HOTEL","CR 9 14 71","gloriaemil12345@gmail.com",13,15,1,46200
"1939","TIBASOSA","CASA LA HUERTA HOTEL BOUTIQUE","HOTEL","CL 2 6 A 51","bistreasas@gmail.com",10,24,1,49517
"1940","TUNJA","HOTEL GOLD FENIX","HOTEL","CARRERA 11 15A-13","reservashotelgoldfenix@gmail.com",5,5,1,46147
"1949","SOGAMOSO","HOTEL DELMAR´C","HOTEL","CL 15 11 51","juliancalixtopr@gmail.com",35,35,1,51185
"1962","DUITAMA","HOTEL CACIQUE DUITAMA","HOTEL","CR 31 8 55 57","hotelcaciqueduitama@gmail.com",10,20,1,46830
"1976","DUITAMA","ZAFRA HOTEL","HOTEL","CL 9 25 54","juanpispalencia2015@gmail.com",6,8,1,44374
"1986","RAMIRIQUI","HOTEL LA LEONA RAMIRIQUI","HOTEL","CALLE 8  6-52 PISO  3","leonquitian20@gmail.com",11,12,1,43449
"1988","DUITAMA","HOTEL SAN JOSE DUITAMA","HOTEL","CR 24 20 06","ovani-103@hotmail.com",20,40,1,55820
"2001","SOGAMOSO","HOTEL SD DE LA 59","HOTEL","DG 59 11 A 56","edssandiegodela59@hotmail.com",15,18,1,47739
"2020","GACHANTIVA","SAN ALEJO GACHANTIVA","HOTEL","CALLE 5  5 17","hotelsanalejo@hotmail.com",8,14,1,44988
"2054","TUNJA","CASA HOTEL CALLE REAL TUNJA","HOTEL","CL 19 10 64","albeacastel@hotmail.com",8,14,1,61449
"2057","PAUNA","HOTEL Y CENTRO DE RECREACION BELLA VISTA","HOTEL","VRD MORAL SEC LOMA ALTA KM 2 VIA PUESTO DE SALUD","armandobonillap@hotmail.com",8,14,15,78210
"2066","RAQUIRA","CASONA 1865 HOTEL BOUTIQUE","HOTEL","CARRERA  4   1  61","judithroi@yahoo.com",11,25,3,54036
"2087","NOBSA","HOTEL BONZA","HOTEL","KM 14 VIA DUITAMA BELENCITO","juliocastillov@hotmail.com",16,16,1,54971
"2171","MONIQUIRA","HOSPEDERIA Y RESTAURANTE CASA BLANCA JM","HOTEL","CALLE  19 4 66 PARQUE BOLIVAR","julianvillamilcadena@gmail.com",11,16,1,60326
"2201","IZA","HOSTELERIA EL SAUZALITO","HOTEL","AGUA CALIENTE HOSTERIA","hosteriaelsausalitoiza@gmail.com",7,28,1,46333
"2205","MIRAFLORES","HOTEL SANTA BARBARA MIRAFLORES","HOTEL","CALLE  3A  4 - 18","santiago.caro.1998@gmail.com",6,7,1,52960
"2280","MIRAFLORES","LA CABAÑA MIRAFLORES","HOTEL","KILOMETRO 5 VIA PRINCIPAL MIRAFLORES TUNJA","lacabanamiraflores@gmail.com",6,10,1,56401
"2283","SOGAMOSO","HOTEL SUE MUISCA","HOTEL","CL 11 9 63","yorher290769@gmail.com",8,15,1,49945
"2295","RAQUIRA","BETANIA RESTAURANTE  HOTEL","HOTEL","CARRERA 3 3 36","madamupi09@gmail.com",3,4,1,43880
"2309","VILLA DE LEYVA","HOTEL LA VILLA DE DON BERNES","HOTEL","CL 6 7 21","dalevema12@gmail.com",4,4,1,54698
"2365","TINJACA","HOTEL M TINJACA","HOTEL","SD SUTAMARCHAN FRENTE AL DIVINO NIÑO","ing.mlc2016@gmail.com",7,18,1,42050
"2397","NUEVO COLON","HOTEL SANTA CLARA NUEVO COLON","HOTEL","CARRERA 3 4 79","creadiherly@gmail.com",10,28,1,46210
"2406","GUICAN","SISUMA ECOLODGE","HOTEL","SC MALPASO","diegoblanpa09@gmail.com",1,2,1,55580
"2417","TUNJA","HOTEL BICENTENARIO HUGOLINO","HOTEL","TV 11 29 04","gersoncontreras863@gmail.com",10,10,1,59324
"2431","MONIQUIRA","HOTEL CAMPESTRE LA FUENTE 1","HOTEL","vereda potrero grande sector resguardo","hotelcampestrelafuente@gmail.com",18,35,1,57994
"2440","PUERTO BOYACA","HOTEL MARIIOS","HOTEL","CR 4 12 50","castrillont85@hotmail.com",14,14,1,44700
"2450","EL COCUY","MIRADERO EL CAÑAVERAL","HOTEL","VDA EL CAÑAVERAL SEC LA PLAYA FCA EL MIRADERO","hospedajecch@gmail.com",5,13,1,49750
"2478","DUITAMA","FURATENA HOTEL","HOTEL","CL 20 22 54","ricardodiazduitama@gmail.com",35,65,1,57769
"2489","VILLA DE LEYVA","HOTEL PIEDRA DE LUNA","HOTEL","CLL 14 N 7 51","alejaramosc18@gmail.com",7,20,1,55858
"2505","CHINAVITA","HOTEL PRIMAVERA RP","HOTEL","CARRERA 4   4   64","saydapabon@hotmail.com",25,42,1,53885
"2516","SAN JOSE DE PARE","HOTEL KAROL","HOTEL","VRD SAN ISIDRO BAJO","clemencias394@gmail.com",11,15,1,44477
"2517","SACHICA","HOTEL DON AQUILES","HOTEL","CALLE 3 N 1 28","wcs297@gmail.com",12,30,1,53102
"2532","TUNJA","HOTEL POSADA DE SANTA ELENA","HOTEL","CARRERA 11A 23-55","hotelessantaelena@hotmail.com",8,11,3,54988
"2564","PUERTO BOYACA","LA POSADA HOTEL","HOTEL","KM 25 CORREGIMIENTO PUERTO GUTIERREZ BOGOTA MEDELLIN","ocamilovalencia30@gmail.com",40,56,2,59323
"2593","TURMEQUE","HOTEL CACIQUE  TURMEQUE","HOTEL","CL 4 4 78","hotelcaciqueturmeque@gmail.com",8,15,2,44522
"2601","TUNJA","HOTEL EL CONSUELO","HOTEL","CARRERA 7  15-63","jaimegoyes2@hotmail.com",6,8,1,45903
"2644","VILLA DE LEYVA","HOTEL VILLA PAZ VILLA DE LEYVA","HOTEL","CARRERA 11A 12 27","hotelvillapazvleyva@gmail.com",8,21,1,59625
"2660","DUITAMA","HOTEL ECLIPSE REAL","HOTEL","CR 35 2 W 165","vipeto07@hotmail.com",5,5,1,44196
"2673","GUICAN","HOTEL CASA BLANCA MIRADOR GUICAN DE LA SIERRA","HOTEL","CR 4 4 64","jorgealiriomoraa18@gmail.com",5,30,1,61371
"2682","PUERTO BOYACA","HOTEL MONACO MA","HOTEL","CR 4 28 10","hotelmonacoboyaca@gmail.com",15,18,1,49704
"2687","VILLA DE LEYVA","HOTEL CEMANDY BY MA","HOTEL","CR 8 6 163","cemandysas@gmail.com",16,32,4,65172
"2693","SOGAMOSO","HOTEL S & C","HOTEL","CL 11 Nro. 16 -36","jainape20@gmail.com",16,19,2,61748
"2707","DUITAMA","HOTEL PARAISO TROPICAL CENTER","HOTEL","CR 14 12 63","hotelparaisotropicalh@gmail.com",60,60,1,51782
"2708","SOGAMOSO","HOTEL FLORIDA","HOTEL","CL 11 13 26","hotelfloridasogamoso@hotmail.com",14,18,1,56362
"2713","PUERTO BOYACA","HOTEL TEKAL DEL RIO","HOTEL","VRD CALDERON RUTA DEL SOL KM 4","tekaldelriohotel@gmail.com",22,26,2,53734
"2721","TUNJA","HOTEL IN RENACER","HOTEL","TV 15 24 - 62","palaciosjaime.227@gmail.com",5,8,1,61774
"2723","VILLA DE LEYVA","HOTEL LA POSADA DE SAN ANTONIO","HOTEL","CARRERA 8  11-80","padelgo@hotmail.com",28,77,8,57295
"2744","PAUNA","HOTEL BELLA ROCA","HOTEL","CALLE 6 8 36","nanagarfield@hotmail.com",5,12,1,45153
"2761","PUERTO BOYACA","HOTEL J.L","HOTEL","CR 5 11 33 P 2","vargasalfredo827@gmail.com",14,28,1,57707
"2793","IZA","HOTEL MAXIRUMAVILLA TAMAUKA","HOTEL","CR 4 5 38","vmaxiruma.htamauka@gmail.com",15,38,1,52844
"2795","JENESANO","HOTEL BRISAS DEL RIO EC","HOTEL","CRA 2 NO. 12 - 15 DIAGONAL ESTADIO","lizbellita.ct@gmail.com",5,9,1,50331
"2797","DUITAMA","HOTEL LAS ORQUIDEAS","HOTEL","CR 35 11 81","hotel_las_orquideas30@hotmail.com",17,60,1,61978
"2804","CUBARA","WHITE  HOUSE","HOTEL","DIAGONAL 1 NRO.  2 -91 BARRIO JARDIN","ojulianacarolina@gmail.com",12,16,1,47113
"2817","SANTANA","HOTEL BJ","HOTEL","CR 4 3 33","betotp123juana@gmail.com",7,11,1,52158
